﻿
<DynamicTemplateString>
	<StringID>com.fmi.basedirectory.13992A85A5881462543FC2A33DC9ABF0</StringID>
	<SourceText>AddOns/</SourceText>
	<TargetText>AddOns/</TargetText>
	<Comment>com.fmi.basedirectory.AddOns/</Comment>
</DynamicTemplateString>

<DynamicTemplateString>
	<StringID>com.fmi.basetable.2328D96C2CB4F81238B17FA654F35FA3</StringID>
	<SourceText>Includes</SourceText>
	<TargetText>Includes</TargetText>
	<Comment>com.fmi.basetable.Includes</Comment>
</DynamicTemplateString>

<DynamicTemplateString>
	<StringID>com.fmi.basetable.8CBC6F555D66F01854614031075544D1</StringID>
	<SourceText>DATA_SAMPLE</SourceText>
	<TargetText>DATA_SAMPLE</TargetText>
	<Comment>com.fmi.basetable.DATA_SAMPLE</Comment>
</DynamicTemplateString>

<DynamicTemplateString>
	<StringID>com.fmi.basetable.9984B3DF675F861ADADC55A146216390</StringID>
	<SourceText>AddOn</SourceText>
	<TargetText>AddOn</TargetText>
	<Comment>com.fmi.basetable.AddOn</Comment>
</DynamicTemplateString>

<DynamicTemplateString>
	<StringID>com.fmi.basetable.CC2AC397011CCF8BE800CC12600675C3</StringID>
	<SourceText>DATA_SAMPLE2</SourceText>
	<TargetText>DATA_SAMPLE2</TargetText>
	<Comment>com.fmi.basetable.DATA_SAMPLE2</Comment>
</DynamicTemplateString>

<DynamicTemplateString>
	<StringID>com.fmi.basetable.field.AddOn::0AACA3618A60A69FBBF981C3FC0A3585</StringID>
	<SourceText>html</SourceText>
	<TargetText>html</TargetText>
	<Comment>com.fmi.basetable.field.AddOn::html</Comment>
</DynamicTemplateString>

<DynamicTemplateString>
	<StringID>com.fmi.basetable.field.AddOn::0DF9C1A70F3C497E8D19997E2DB173FA</StringID>
	<SourceText>Icon_Color</SourceText>
	<TargetText>Icon_Color</TargetText>
	<Comment>com.fmi.basetable.field.AddOn::Icon_Color</Comment>
</DynamicTemplateString>

<DynamicTemplateString>
	<StringID>com.fmi.basetable.field.AddOn::124327DF78D6FD47C7B286AB86CDD8F5</StringID>
	<SourceText>category</SourceText>
	<TargetText>category</TargetText>
	<Comment>com.fmi.basetable.field.AddOn::category</Comment>
</DynamicTemplateString>

<DynamicTemplateString>
	<StringID>com.fmi.basetable.field.AddOn::165ADEF95F31E2B8D17EF75162F6483B</StringID>
	<SourceText>info_en.json</SourceText>
	<TargetText>info_en.json</TargetText>
	<Comment>com.fmi.basetable.field.AddOn::info_en.json</Comment>
</DynamicTemplateString>

<DynamicTemplateString>
	<StringID>com.fmi.basetable.field.AddOn::16994B2A40C01E3499353E802A7F4819</StringID>
	<SourceText>#count.flag</SourceText>
	<TargetText>#count.flag</TargetText>
	<Comment>com.fmi.basetable.field.AddOn::#count.flag</Comment>
</DynamicTemplateString>

<DynamicTemplateString>
	<StringID>com.fmi.basetable.field.AddOn::18708A0F9686745F8B0763E0C3A3ED58</StringID>
	<SourceText>title</SourceText>
	<TargetText>title</TargetText>
	<Comment>com.fmi.basetable.field.AddOn::title</Comment>
</DynamicTemplateString>

<DynamicTemplateString>
	<StringID>com.fmi.basetable.field.AddOn::1F4BC13C5D877EA23F5FFE28FDA64377</StringID>
	<SourceText>URL</SourceText>
	<TargetText>URL</TargetText>
	<Comment>com.fmi.basetable.field.AddOn::URL</Comment>
</DynamicTemplateString>

<DynamicTemplateString>
	<StringID>com.fmi.basetable.field.AddOn::20946A61B5F64E4BEEF86911A6B5A793</StringID>
	<SourceText>info.json</SourceText>
	<TargetText>info.json</TargetText>
	<Comment>com.fmi.basetable.field.AddOn::info.json</Comment>
</DynamicTemplateString>

<DynamicTemplateString>
	<StringID>com.fmi.basetable.field.AddOn::2B40EB5523ACCB08286969C659585FE5</StringID>
	<SourceText>flag</SourceText>
	<TargetText>flag</TargetText>
	<Comment>com.fmi.basetable.field.AddOn::flag</Comment>
</DynamicTemplateString>

<DynamicTemplateString>
	<StringID>com.fmi.basetable.field.AddOn::3CAE9CADD761826317D7C561D5F669A6</StringID>
	<SourceText>features</SourceText>
	<TargetText>features</TargetText>
	<Comment>com.fmi.basetable.field.AddOn::features</Comment>
</DynamicTemplateString>

<DynamicTemplateString>
	<StringID>com.fmi.basetable.field.AddOn::4561002D22704A42D003B57FA0E75A33</StringID>
	<SourceText>description</SourceText>
	<TargetText>description</TargetText>
	<Comment>com.fmi.basetable.field.AddOn::description</Comment>
</DynamicTemplateString>

<DynamicTemplateString>
	<StringID>com.fmi.basetable.field.AddOn::47B3892A4CDBE023CDEFCF3E30186BB9</StringID>
	<SourceText>Attribution</SourceText>
	<TargetText>Attribution</TargetText>
	<Comment>com.fmi.basetable.field.AddOn::Attribution</Comment>
</DynamicTemplateString>

<DynamicTemplateString>
	<StringID>com.fmi.basetable.field.AddOn::50BDC2774BF02B59C40633BD75DD0DA5</StringID>
	<SourceText>notes</SourceText>
	<TargetText>notes</TargetText>
	<Comment>com.fmi.basetable.field.AddOn::notes</Comment>
</DynamicTemplateString>

<DynamicTemplateString>
	<StringID>com.fmi.basetable.field.AddOn::56901C1FE7B6EE1FEE7EBD0EB5EFA8C2</StringID>
	<SourceText>js</SourceText>
	<TargetText>js</TargetText>
	<Comment>com.fmi.basetable.field.AddOn::js</Comment>
</DynamicTemplateString>

<DynamicTemplateString>
	<StringID>com.fmi.basetable.field.AddOn::569DE97288EE4C50B1A7FE624A2A3E28</StringID>
	<SourceText>_comments</SourceText>
	<TargetText>_comments</TargetText>
	<Comment>com.fmi.basetable.field.AddOn::_comments</Comment>
</DynamicTemplateString>

<DynamicTemplateString>
	<StringID>com.fmi.basetable.field.AddOn::57EDE9103706191F89BB2F40CD857AFD</StringID>
	<SourceText>_____</SourceText>
	<TargetText>_____</TargetText>
	<Comment>com.fmi.basetable.field.AddOn::_____</Comment>
</DynamicTemplateString>

<DynamicTemplateString>
	<StringID>com.fmi.basetable.field.AddOn::6163464B98D274B2A224CB8B4F94F6E3</StringID>
	<SourceText>css.src</SourceText>
	<TargetText>css.src</TargetText>
	<Comment>com.fmi.basetable.field.AddOn::css.src</Comment>
</DynamicTemplateString>

<DynamicTemplateString>
	<StringID>com.fmi.basetable.field.AddOn::628C550C7BA663D057914267C5057CCA</StringID>
	<SourceText>html.src</SourceText>
	<TargetText>html.src</TargetText>
	<Comment>com.fmi.basetable.field.AddOn::html.src</Comment>
</DynamicTemplateString>

<DynamicTemplateString>
	<StringID>com.fmi.basetable.field.AddOn::634F1FB69021B0A9DEC0541AD488DDF2</StringID>
	<SourceText>___</SourceText>
	<TargetText>___</TargetText>
	<Comment>com.fmi.basetable.field.AddOn::___</Comment>
</DynamicTemplateString>

<DynamicTemplateString>
	<StringID>com.fmi.basetable.field.AddOn::7AEB3D135AD2B77C439C54BDFAD9F506</StringID>
	<SourceText>@UUID</SourceText>
	<TargetText>@UUID</TargetText>
	<Comment>com.fmi.basetable.field.AddOn::@UUID</Comment>
</DynamicTemplateString>

<DynamicTemplateString>
	<StringID>com.fmi.basetable.field.AddOn::7C10E394670D75F975AB98158B16E07F</StringID>
	<SourceText>~audit.modifier</SourceText>
	<TargetText>~audit.modifier</TargetText>
	<Comment>com.fmi.basetable.field.AddOn::~audit.modifier</Comment>
</DynamicTemplateString>

<DynamicTemplateString>
	<StringID>com.fmi.basetable.field.AddOn::81115DAD4A2128E358FC129D70095800</StringID>
	<SourceText>~audit.modified</SourceText>
	<TargetText>~audit.modified</TargetText>
	<Comment>com.fmi.basetable.field.AddOn::~audit.modified</Comment>
</DynamicTemplateString>

<DynamicTemplateString>
	<StringID>com.fmi.basetable.field.AddOn::8DED75F7B4DA84CB74624512DF320CFA</StringID>
	<SourceText>preview</SourceText>
	<TargetText>preview</TargetText>
	<Comment>com.fmi.basetable.field.AddOn::preview</Comment>
</DynamicTemplateString>

<DynamicTemplateString>
	<StringID>com.fmi.basetable.field.AddOn::8EBBAA788B63B1D82D0FF2E4820C999B</StringID>
	<SourceText>Version</SourceText>
	<TargetText>Version</TargetText>
	<Comment>com.fmi.basetable.field.AddOn::Version</Comment>
</DynamicTemplateString>

<DynamicTemplateString>
	<StringID>com.fmi.basetable.field.AddOn::909C4D4ADF78B1EE559314F8358A3E88</StringID>
	<SourceText>script.js</SourceText>
	<TargetText>script.js</TargetText>
	<Comment>com.fmi.basetable.field.AddOn::script.js</Comment>
</DynamicTemplateString>

<DynamicTemplateString>
	<StringID>com.fmi.basetable.field.AddOn::91F127C4B704FC5AC212BA970EB65F39</StringID>
	<SourceText>source</SourceText>
	<TargetText>source</TargetText>
	<Comment>com.fmi.basetable.field.AddOn::source</Comment>
</DynamicTemplateString>

<DynamicTemplateString>
	<StringID>com.fmi.basetable.field.AddOn::B1D1D1C5E9B7258252FE79406CAF1128</StringID>
	<SourceText>~audit.removed</SourceText>
	<TargetText>~audit.removed</TargetText>
	<Comment>com.fmi.basetable.field.AddOn::~audit.removed</Comment>
</DynamicTemplateString>

<DynamicTemplateString>
	<StringID>com.fmi.basetable.field.AddOn::B96F801702AC2FD958D5110D3D86FA53</StringID>
	<SourceText>~audit.created</SourceText>
	<TargetText>~audit.created</TargetText>
	<Comment>com.fmi.basetable.field.AddOn::~audit.created</Comment>
</DynamicTemplateString>

<DynamicTemplateString>
	<StringID>com.fmi.basetable.field.AddOn::BA0D833F30E4426A71BE9CFF4866827B</StringID>
	<SourceText>@fkey.source</SourceText>
	<TargetText>@fkey.source</TargetText>
	<Comment>com.fmi.basetable.field.AddOn::@fkey.source</Comment>
</DynamicTemplateString>

<DynamicTemplateString>
	<StringID>com.fmi.basetable.field.AddOn::C34E35A10F537BF45FB0A459650E4CF5</StringID>
	<SourceText>webViewer</SourceText>
	<TargetText>webViewer</TargetText>
	<Comment>com.fmi.basetable.field.AddOn::webViewer</Comment>
</DynamicTemplateString>

<DynamicTemplateString>
	<StringID>com.fmi.basetable.field.AddOn::CB00CEC33343832EB824E34C7FEF1DC0</StringID>
	<SourceText>optimized</SourceText>
	<TargetText>optimized</TargetText>
	<Comment>com.fmi.basetable.field.AddOn::optimized</Comment>
</DynamicTemplateString>

<DynamicTemplateString>
	<StringID>com.fmi.basetable.field.AddOn::CE2DBF0DEB1E468027D85E3A3E6E075D</StringID>
	<SourceText>#total.flag</SourceText>
	<TargetText>#total.flag</TargetText>
	<Comment>com.fmi.basetable.field.AddOn::#total.flag</Comment>
</DynamicTemplateString>

<DynamicTemplateString>
	<StringID>com.fmi.basetable.field.AddOn::D263FFC21D10A2B95FB11E2FB46E18F2</StringID>
	<SourceText>icon</SourceText>
	<TargetText>icon</TargetText>
	<Comment>com.fmi.basetable.field.AddOn::icon</Comment>
</DynamicTemplateString>

<DynamicTemplateString>
	<StringID>com.fmi.basetable.field.AddOn::DCFA158EB162A47577BAB181B694B002</StringID>
	<SourceText>css</SourceText>
	<TargetText>css</TargetText>
	<Comment>com.fmi.basetable.field.AddOn::css</Comment>
</DynamicTemplateString>

<DynamicTemplateString>
	<StringID>com.fmi.basetable.field.AddOn::DD03AB644F8122C0E2FC713FFB67CB31</StringID>
	<SourceText>GUID</SourceText>
	<TargetText>GUID</TargetText>
	<Comment>com.fmi.basetable.field.AddOn::GUID</Comment>
</DynamicTemplateString>

<DynamicTemplateString>
	<StringID>com.fmi.basetable.field.AddOn::E36346178B0C91DBF5D7BE7EFAB232E0</StringID>
	<SourceText>~audit.creator</SourceText>
	<TargetText>~audit.creator</TargetText>
	<Comment>com.fmi.basetable.field.AddOn::~audit.creator</Comment>
</DynamicTemplateString>

<DynamicTemplateString>
	<StringID>com.fmi.basetable.field.AddOn::E3AC78EB07AC7DCE837FC120B4F00948</StringID>
	<SourceText>index.html</SourceText>
	<TargetText>index.html</TargetText>
	<Comment>com.fmi.basetable.field.AddOn::index.html</Comment>
</DynamicTemplateString>

<DynamicTemplateString>
	<StringID>com.fmi.basetable.field.AddOn::E6C349ADCE8682A2F1DAEF8869FAC77B</StringID>
	<SourceText>____</SourceText>
	<TargetText>____</TargetText>
	<Comment>com.fmi.basetable.field.AddOn::____</Comment>
</DynamicTemplateString>

<DynamicTemplateString>
	<StringID>com.fmi.basetable.field.AddOn::EF304FC05B3BD355EF876B9A6DB56D6A</StringID>
	<SourceText>style.css</SourceText>
	<TargetText>style.css</TargetText>
	<Comment>com.fmi.basetable.field.AddOn::style.css</Comment>
</DynamicTemplateString>

<DynamicTemplateString>
	<StringID>com.fmi.basetable.field.AddOn::F2468989A740CF4657848C86648BC51E</StringID>
	<SourceText>label</SourceText>
	<TargetText>label</TargetText>
	<Comment>com.fmi.basetable.field.AddOn::label</Comment>
</DynamicTemplateString>

<DynamicTemplateString>
	<StringID>com.fmi.basetable.field.AddOn::F5436AF8CDAE3B718C3BD6114121B638</StringID>
	<SourceText>js.src</SourceText>
	<TargetText>js.src</TargetText>
	<Comment>com.fmi.basetable.field.AddOn::js.src</Comment>
</DynamicTemplateString>

<DynamicTemplateString>
	<StringID>com.fmi.basetable.field.AddOn::FDF5E16501AB5DA15FDD5BD041383DCD</StringID>
	<SourceText>Clients</SourceText>
	<TargetText>Clients</TargetText>
	<Comment>com.fmi.basetable.field.AddOn::Clients</Comment>
</DynamicTemplateString>

<DynamicTemplateString>
	<StringID>com.fmi.basetable.field.AddOn::text.630E6053E4258BA1A9B105A07CE5EBFE</StringID>
	<SourceText>Flagged = 1; Active = 0; Inactive = &quot;&quot;; Removed = &quot;&quot; ( hidden )</SourceText>
	<TargetText>Flagged = 1; Active = 0; Inactive = &quot;&quot;; Removed = &quot;&quot; ( hidden )</TargetText>
	<Comment>com.fmi.basetable.field.AddOn::text.Flagged = 1; Active = 0; Inactive = &quot;&quot;; Removed = &quot;&quot; ( hidden )</Comment>
</DynamicTemplateString>

<DynamicTemplateString>
	<StringID>com.fmi.basetable.field.DATA_SAMPLE2::10A5AC5D18009ADECC1A1A4AA7394D11</StringID>
	<SourceText>~removed</SourceText>
	<TargetText>~removed</TargetText>
	<Comment>com.fmi.basetable.field.DATA_SAMPLE2::~removed</Comment>
</DynamicTemplateString>

<DynamicTemplateString>
	<StringID>com.fmi.basetable.field.DATA_SAMPLE2::124327DF78D6FD47C7B286AB86CDD8F5</StringID>
	<SourceText>category</SourceText>
	<TargetText>category</TargetText>
	<Comment>com.fmi.basetable.field.DATA_SAMPLE2::category</Comment>
</DynamicTemplateString>

<DynamicTemplateString>
	<StringID>com.fmi.basetable.field.DATA_SAMPLE2::16994B2A40C01E3499353E802A7F4819</StringID>
	<SourceText>#count.flag</SourceText>
	<TargetText>#count.flag</TargetText>
	<Comment>com.fmi.basetable.field.DATA_SAMPLE2::#count.flag</Comment>
</DynamicTemplateString>

<DynamicTemplateString>
	<StringID>com.fmi.basetable.field.DATA_SAMPLE2::18708A0F9686745F8B0763E0C3A3ED58</StringID>
	<SourceText>title</SourceText>
	<TargetText>title</TargetText>
	<Comment>com.fmi.basetable.field.DATA_SAMPLE2::title</Comment>
</DynamicTemplateString>

<DynamicTemplateString>
	<StringID>com.fmi.basetable.field.DATA_SAMPLE2::22BF6CD6AF8310A8F54A5EAD58067F84</StringID>
	<SourceText>date</SourceText>
	<TargetText>date</TargetText>
	<Comment>com.fmi.basetable.field.DATA_SAMPLE2::date</Comment>
</DynamicTemplateString>

<DynamicTemplateString>
	<StringID>com.fmi.basetable.field.DATA_SAMPLE2::2C96022B97253B96CF2C54494D44979D</StringID>
	<SourceText>~creator</SourceText>
	<TargetText>~creator</TargetText>
	<Comment>com.fmi.basetable.field.DATA_SAMPLE2::~creator</Comment>
</DynamicTemplateString>

<DynamicTemplateString>
	<StringID>com.fmi.basetable.field.DATA_SAMPLE2::4561002D22704A42D003B57FA0E75A33</StringID>
	<SourceText>description</SourceText>
	<TargetText>description</TargetText>
	<Comment>com.fmi.basetable.field.DATA_SAMPLE2::description</Comment>
</DynamicTemplateString>

<DynamicTemplateString>
	<StringID>com.fmi.basetable.field.DATA_SAMPLE2::50BDC2774BF02B59C40633BD75DD0DA5</StringID>
	<SourceText>notes</SourceText>
	<TargetText>notes</TargetText>
	<Comment>com.fmi.basetable.field.DATA_SAMPLE2::notes</Comment>
</DynamicTemplateString>

<DynamicTemplateString>
	<StringID>com.fmi.basetable.field.DATA_SAMPLE2::569DE97288EE4C50B1A7FE624A2A3E28</StringID>
	<SourceText>_comments</SourceText>
	<TargetText>_comments</TargetText>
	<Comment>com.fmi.basetable.field.DATA_SAMPLE2::_comments</Comment>
</DynamicTemplateString>

<DynamicTemplateString>
	<StringID>com.fmi.basetable.field.DATA_SAMPLE2::57EDE9103706191F89BB2F40CD857AFD</StringID>
	<SourceText>_____</SourceText>
	<TargetText>_____</TargetText>
	<Comment>com.fmi.basetable.field.DATA_SAMPLE2::_____</Comment>
</DynamicTemplateString>

<DynamicTemplateString>
	<StringID>com.fmi.basetable.field.DATA_SAMPLE2::634F1FB69021B0A9DEC0541AD488DDF2</StringID>
	<SourceText>___</SourceText>
	<TargetText>___</TargetText>
	<Comment>com.fmi.basetable.field.DATA_SAMPLE2::___</Comment>
</DynamicTemplateString>

<DynamicTemplateString>
	<StringID>com.fmi.basetable.field.DATA_SAMPLE2::67D115B8DC87480E758551EA8C05357D</StringID>
	<SourceText>_flag</SourceText>
	<TargetText>_flag</TargetText>
	<Comment>com.fmi.basetable.field.DATA_SAMPLE2::_flag</Comment>
</DynamicTemplateString>

<DynamicTemplateString>
	<StringID>com.fmi.basetable.field.DATA_SAMPLE2::7AEB3D135AD2B77C439C54BDFAD9F506</StringID>
	<SourceText>@UUID</SourceText>
	<TargetText>@UUID</TargetText>
	<Comment>com.fmi.basetable.field.DATA_SAMPLE2::@UUID</Comment>
</DynamicTemplateString>

<DynamicTemplateString>
	<StringID>com.fmi.basetable.field.DATA_SAMPLE2::7CA90A46C378DC8494B02A4B8390DC83</StringID>
	<SourceText>~modifier</SourceText>
	<TargetText>~modifier</TargetText>
	<Comment>com.fmi.basetable.field.DATA_SAMPLE2::~modifier</Comment>
</DynamicTemplateString>

<DynamicTemplateString>
	<StringID>com.fmi.basetable.field.DATA_SAMPLE2::809ACB9A2D2154A306A1608DDC422E0E</StringID>
	<SourceText>~created</SourceText>
	<TargetText>~created</TargetText>
	<Comment>com.fmi.basetable.field.DATA_SAMPLE2::~created</Comment>
</DynamicTemplateString>

<DynamicTemplateString>
	<StringID>com.fmi.basetable.field.DATA_SAMPLE2::8E3C50B5ED0F489241DC6A5F0DBA43C7</StringID>
	<SourceText>status</SourceText>
	<TargetText>status</TargetText>
	<Comment>com.fmi.basetable.field.DATA_SAMPLE2::status</Comment>
</DynamicTemplateString>

<DynamicTemplateString>
	<StringID>com.fmi.basetable.field.DATA_SAMPLE2::91F127C4B704FC5AC212BA970EB65F39</StringID>
	<SourceText>source</SourceText>
	<TargetText>source</TargetText>
	<Comment>com.fmi.basetable.field.DATA_SAMPLE2::source</Comment>
</DynamicTemplateString>

<DynamicTemplateString>
	<StringID>com.fmi.basetable.field.DATA_SAMPLE2::BA0D833F30E4426A71BE9CFF4866827B</StringID>
	<SourceText>@fkey.source</SourceText>
	<TargetText>@fkey.source</TargetText>
	<Comment>com.fmi.basetable.field.DATA_SAMPLE2::@fkey.source</Comment>
</DynamicTemplateString>

<DynamicTemplateString>
	<StringID>com.fmi.basetable.field.DATA_SAMPLE2::C24C48B0C1491D441AFED84D21631B31</StringID>
	<SourceText>~modified</SourceText>
	<TargetText>~modified</TargetText>
	<Comment>com.fmi.basetable.field.DATA_SAMPLE2::~modified</Comment>
</DynamicTemplateString>

<DynamicTemplateString>
	<StringID>com.fmi.basetable.field.DATA_SAMPLE2::CE2DBF0DEB1E468027D85E3A3E6E075D</StringID>
	<SourceText>#total.flag</SourceText>
	<TargetText>#total.flag</TargetText>
	<Comment>com.fmi.basetable.field.DATA_SAMPLE2::#total.flag</Comment>
</DynamicTemplateString>

<DynamicTemplateString>
	<StringID>com.fmi.basetable.field.DATA_SAMPLE2::D6182E754E91013BEAFE9FD55CF43AF3</StringID>
	<SourceText>container</SourceText>
	<TargetText>container</TargetText>
	<Comment>com.fmi.basetable.field.DATA_SAMPLE2::container</Comment>
</DynamicTemplateString>

<DynamicTemplateString>
	<StringID>com.fmi.basetable.field.DATA_SAMPLE2::E6C349ADCE8682A2F1DAEF8869FAC77B</StringID>
	<SourceText>____</SourceText>
	<TargetText>____</TargetText>
	<Comment>com.fmi.basetable.field.DATA_SAMPLE2::____</Comment>
</DynamicTemplateString>

<DynamicTemplateString>
	<StringID>com.fmi.basetable.field.DATA_SAMPLE2::E8242F9CA220C53035AFF0819EEDB978</StringID>
	<SourceText>type</SourceText>
	<TargetText>type</TargetText>
	<Comment>com.fmi.basetable.field.DATA_SAMPLE2::type</Comment>
</DynamicTemplateString>

<DynamicTemplateString>
	<StringID>com.fmi.basetable.field.DATA_SAMPLE2::F2468989A740CF4657848C86648BC51E</StringID>
	<SourceText>label</SourceText>
	<TargetText>label</TargetText>
	<Comment>com.fmi.basetable.field.DATA_SAMPLE2::label</Comment>
</DynamicTemplateString>

<DynamicTemplateString>
	<StringID>com.fmi.basetable.field.DATA_SAMPLE2::F58479B3A8DE65B7272F04D654DF7957</StringID>
	<SourceText>~log</SourceText>
	<TargetText>~log</TargetText>
	<Comment>com.fmi.basetable.field.DATA_SAMPLE2::~log</Comment>
</DynamicTemplateString>

<DynamicTemplateString>
	<StringID>com.fmi.basetable.field.DATA_SAMPLE2::text.006251EC5E780AAC1B5240837F8DC008</StringID>
	<SourceText>Account name of the user who created each record</SourceText>
	<TargetText>Account name of the user who created each record</TargetText>
	<Comment>com.fmi.basetable.field.DATA_SAMPLE2::text.Account name of the user who created each record</Comment>
</DynamicTemplateString>

<DynamicTemplateString>
	<StringID>com.fmi.basetable.field.DATA_SAMPLE2::text.566124CC8BC5070ADB11001A15515303</StringID>
	<SourceText>User unique reference of each record in this table</SourceText>
	<TargetText>User unique reference of each record in this table</TargetText>
	<Comment>com.fmi.basetable.field.DATA_SAMPLE2::text.User unique reference of each record in this table</Comment>
</DynamicTemplateString>

<DynamicTemplateString>
	<StringID>com.fmi.basetable.field.DATA_SAMPLE2::text.63B24250D0322BA606783EA1AEB5ECDE</StringID>
	<SourceText>Date and time each record was created</SourceText>
	<TargetText>Date and time each record was created</TargetText>
	<Comment>com.fmi.basetable.field.DATA_SAMPLE2::text.Date and time each record was created</Comment>
</DynamicTemplateString>

<DynamicTemplateString>
	<StringID>com.fmi.basetable.field.DATA_SAMPLE2::text.67C333D79A9820EEB63CC4CADC1804FB</StringID>
	<SourceText>Flagged = 1; Active = 0; Inactive = NULL; Removed = NULL ( hidden )</SourceText>
	<TargetText>Flagged = 1; Active = 0; Inactive = NULL; Removed = NULL ( hidden )</TargetText>
	<Comment>com.fmi.basetable.field.DATA_SAMPLE2::text.Flagged = 1; Active = 0; Inactive = NULL; Removed = NULL ( hidden )</Comment>
</DynamicTemplateString>

<DynamicTemplateString>
	<StringID>com.fmi.basetable.field.DATA_SAMPLE2::text.9F03A371D754978D56F5E09F47C8E888</StringID>
	<SourceText>Date and time each record was deleted</SourceText>
	<TargetText>Date and time each record was deleted</TargetText>
	<Comment>com.fmi.basetable.field.DATA_SAMPLE2::text.Date and time each record was deleted</Comment>
</DynamicTemplateString>

<DynamicTemplateString>
	<StringID>com.fmi.basetable.field.DATA_SAMPLE2::text.A3986CD67105454C16160FFC610128B2</StringID>
	<SourceText>Date and time each record was last modified</SourceText>
	<TargetText>Date and time each record was last modified</TargetText>
	<Comment>com.fmi.basetable.field.DATA_SAMPLE2::text.Date and time each record was last modified</Comment>
</DynamicTemplateString>

<DynamicTemplateString>
	<StringID>com.fmi.basetable.field.DATA_SAMPLE2::text.ABEEF7BAB93FF174F8DA0C82D8754F7A</StringID>
	<SourceText>Unique identifier of each record in this table</SourceText>
	<TargetText>Unique identifier of each record in this table</TargetText>
	<Comment>com.fmi.basetable.field.DATA_SAMPLE2::text.Unique identifier of each record in this table</Comment>
</DynamicTemplateString>

<DynamicTemplateString>
	<StringID>com.fmi.basetable.field.DATA_SAMPLE2::text.FF4362C03FD199B932B4B4D441CAC852</StringID>
	<SourceText>Account name of the user who last modified each record</SourceText>
	<TargetText>Account name of the user who last modified each record</TargetText>
	<Comment>com.fmi.basetable.field.DATA_SAMPLE2::text.Account name of the user who last modified each record</Comment>
</DynamicTemplateString>

<DynamicTemplateString>
	<StringID>com.fmi.basetable.field.DATA_SAMPLE::043EA83D5EE03D2E7A51AF05C94B4EAB</StringID>
	<SourceText>Service</SourceText>
	<TargetText>Service</TargetText>
	<Comment>com.fmi.basetable.field.DATA_SAMPLE::Service</Comment>
</DynamicTemplateString>

<DynamicTemplateString>
	<StringID>com.fmi.basetable.field.DATA_SAMPLE::04833C43693330A8B707D7891A92F0C3</StringID>
	<SourceText>TotalCost</SourceText>
	<TargetText>TotalCost</TargetText>
	<Comment>com.fmi.basetable.field.DATA_SAMPLE::TotalCost</Comment>
</DynamicTemplateString>

<DynamicTemplateString>
	<StringID>com.fmi.basetable.field.DATA_SAMPLE::0DD5B7AF088D1CB1391307B00A4F1B4E</StringID>
	<SourceText>ReqDay</SourceText>
	<TargetText>ReqDay</TargetText>
	<Comment>com.fmi.basetable.field.DATA_SAMPLE::ReqDay</Comment>
</DynamicTemplateString>

<DynamicTemplateString>
	<StringID>com.fmi.basetable.field.DATA_SAMPLE::0E1C51DADFAA539CD42DE4AF3EBDE180</StringID>
	<SourceText>WorkDate</SourceText>
	<TargetText>WorkDate</TargetText>
	<Comment>com.fmi.basetable.field.DATA_SAMPLE::WorkDate</Comment>
</DynamicTemplateString>

<DynamicTemplateString>
	<StringID>com.fmi.basetable.field.DATA_SAMPLE::102FCD2675E3B493FD3A54DFC5186CEB</StringID>
	<SourceText>PartsFee</SourceText>
	<TargetText>PartsFee</TargetText>
	<Comment>com.fmi.basetable.field.DATA_SAMPLE::PartsFee</Comment>
</DynamicTemplateString>

<DynamicTemplateString>
	<StringID>com.fmi.basetable.field.DATA_SAMPLE::16AC295AFF387192D572C01EB64D3B1C</StringID>
	<SourceText>Rush</SourceText>
	<TargetText>Rush</TargetText>
	<Comment>com.fmi.basetable.field.DATA_SAMPLE::Rush</Comment>
</DynamicTemplateString>

<DynamicTemplateString>
	<StringID>com.fmi.basetable.field.DATA_SAMPLE::17C1DAE1C9A83B37055ACD701A54E083</StringID>
	<SourceText>Primary.Key</SourceText>
	<TargetText>Primary.Key</TargetText>
	<Comment>com.fmi.basetable.field.DATA_SAMPLE::Primary.Key</Comment>
</DynamicTemplateString>

<DynamicTemplateString>
	<StringID>com.fmi.basetable.field.DATA_SAMPLE::1883AFCC42727142592E4B94A717158C</StringID>
	<SourceText>Payment</SourceText>
	<TargetText>Payment</TargetText>
	<Comment>com.fmi.basetable.field.DATA_SAMPLE::Payment</Comment>
</DynamicTemplateString>

<DynamicTemplateString>
	<StringID>com.fmi.basetable.field.DATA_SAMPLE::1F1D6DA681D784324A6B35896C3715CF</StringID>
	<SourceText>LbrRate</SourceText>
	<TargetText>LbrRate</TargetText>
	<Comment>com.fmi.basetable.field.DATA_SAMPLE::LbrRate</Comment>
</DynamicTemplateString>

<DynamicTemplateString>
	<StringID>com.fmi.basetable.field.DATA_SAMPLE::2F470273BF8EEE087171BAB6195D0FD5</StringID>
	<SourceText>LbrCost</SourceText>
	<TargetText>LbrCost</TargetText>
	<Comment>com.fmi.basetable.field.DATA_SAMPLE::LbrCost</Comment>
</DynamicTemplateString>

<DynamicTemplateString>
	<StringID>com.fmi.basetable.field.DATA_SAMPLE::3079D05876B8076BAD6552ED9C5371CB</StringID>
	<SourceText>_Search</SourceText>
	<TargetText>_Search</TargetText>
	<Comment>com.fmi.basetable.field.DATA_SAMPLE::_Search</Comment>
</DynamicTemplateString>

<DynamicTemplateString>
	<StringID>com.fmi.basetable.field.DATA_SAMPLE::5BBE385ACD1695F6928D4BB33A69D034</StringID>
	<SourceText>WorkDay</SourceText>
	<TargetText>WorkDay</TargetText>
	<Comment>com.fmi.basetable.field.DATA_SAMPLE::WorkDay</Comment>
</DynamicTemplateString>

<DynamicTemplateString>
	<StringID>com.fmi.basetable.field.DATA_SAMPLE::5FE835E510DC609A1BD326A7DDB87EB0</StringID>
	<SourceText>LbrHrs</SourceText>
	<TargetText>LbrHrs</TargetText>
	<Comment>com.fmi.basetable.field.DATA_SAMPLE::LbrHrs</Comment>
</DynamicTemplateString>

<DynamicTemplateString>
	<StringID>com.fmi.basetable.field.DATA_SAMPLE::62EFCB1F426424F55511B3C2E6176D09</StringID>
	<SourceText>ReqDate</SourceText>
	<TargetText>ReqDate</TargetText>
	<Comment>com.fmi.basetable.field.DATA_SAMPLE::ReqDate</Comment>
</DynamicTemplateString>

<DynamicTemplateString>
	<StringID>com.fmi.basetable.field.DATA_SAMPLE::680AE4ACD0E1757E0AEBE89773410DBE</StringID>
	<SourceText>WtyParts</SourceText>
	<TargetText>WtyParts</TargetText>
	<Comment>com.fmi.basetable.field.DATA_SAMPLE::WtyParts</Comment>
</DynamicTemplateString>

<DynamicTemplateString>
	<StringID>com.fmi.basetable.field.DATA_SAMPLE::770BA08636A4850DE53DB082B44A89BF</StringID>
	<SourceText>Techs</SourceText>
	<TargetText>Techs</TargetText>
	<Comment>com.fmi.basetable.field.DATA_SAMPLE::Techs</Comment>
</DynamicTemplateString>

<DynamicTemplateString>
	<StringID>com.fmi.basetable.field.DATA_SAMPLE::7F259FC1DFFF2422DDEE801A9CBEADDC</StringID>
	<SourceText>LeadTech</SourceText>
	<TargetText>LeadTech</TargetText>
	<Comment>com.fmi.basetable.field.DATA_SAMPLE::LeadTech</Comment>
</DynamicTemplateString>

<DynamicTemplateString>
	<StringID>com.fmi.basetable.field.DATA_SAMPLE::930439A11FDFF4C74A5FD38380F08DA3</StringID>
	<SourceText>District</SourceText>
	<TargetText>District</TargetText>
	<Comment>com.fmi.basetable.field.DATA_SAMPLE::District</Comment>
</DynamicTemplateString>

<DynamicTemplateString>
	<StringID>com.fmi.basetable.field.DATA_SAMPLE::A7665EEB98C0D6D5FF0C0D367F37D555</StringID>
	<SourceText>TotalFee</SourceText>
	<TargetText>TotalFee</TargetText>
	<Comment>com.fmi.basetable.field.DATA_SAMPLE::TotalFee</Comment>
</DynamicTemplateString>

<DynamicTemplateString>
	<StringID>com.fmi.basetable.field.DATA_SAMPLE::A940A7C5631AE35E575372E04E0655FC</StringID>
	<SourceText>WO</SourceText>
	<TargetText>WO</TargetText>
	<Comment>com.fmi.basetable.field.DATA_SAMPLE::WO</Comment>
</DynamicTemplateString>

<DynamicTemplateString>
	<StringID>com.fmi.basetable.field.DATA_SAMPLE::BC716B193D17DC657D01F56994EE58AC</StringID>
	<SourceText>PartsCost</SourceText>
	<TargetText>PartsCost</TargetText>
	<Comment>com.fmi.basetable.field.DATA_SAMPLE::PartsCost</Comment>
</DynamicTemplateString>

<DynamicTemplateString>
	<StringID>com.fmi.basetable.field.DATA_SAMPLE::CBFD1D3ACF6D1DC64C4021B05A2E8794</StringID>
	<SourceText>Wait</SourceText>
	<TargetText>Wait</TargetText>
	<Comment>com.fmi.basetable.field.DATA_SAMPLE::Wait</Comment>
</DynamicTemplateString>

<DynamicTemplateString>
	<StringID>com.fmi.basetable.field.DATA_SAMPLE::DF5427E3B4E28F4E0378D3F56B32631C</StringID>
	<SourceText>LbrFee</SourceText>
	<TargetText>LbrFee</TargetText>
	<Comment>com.fmi.basetable.field.DATA_SAMPLE::LbrFee</Comment>
</DynamicTemplateString>

<DynamicTemplateString>
	<StringID>com.fmi.basetable.field.DATA_SAMPLE::E888C73E0D6DB3F2C9D2BC7819534BAA</StringID>
	<SourceText>ForiegnKey</SourceText>
	<TargetText>ForiegnKey</TargetText>
	<Comment>com.fmi.basetable.field.DATA_SAMPLE::ForiegnKey</Comment>
</DynamicTemplateString>

<DynamicTemplateString>
	<StringID>com.fmi.basetable.field.DATA_SAMPLE::FC2BD08C941D3D5E8D6712C4F7793A3E</StringID>
	<SourceText>WtyLbr</SourceText>
	<TargetText>WtyLbr</TargetText>
	<Comment>com.fmi.basetable.field.DATA_SAMPLE::WtyLbr</Comment>
</DynamicTemplateString>

<DynamicTemplateString>
	<StringID>com.fmi.basetable.field.Includes::0A2A6F666A2955B3C0D398EA50924A61</StringID>
	<SourceText>code</SourceText>
	<TargetText>code</TargetText>
	<Comment>com.fmi.basetable.field.Includes::code</Comment>
</DynamicTemplateString>

<DynamicTemplateString>
	<StringID>com.fmi.basetable.field.Includes::16994B2A40C01E3499353E802A7F4819</StringID>
	<SourceText>#count.flag</SourceText>
	<TargetText>#count.flag</TargetText>
	<Comment>com.fmi.basetable.field.Includes::#count.flag</Comment>
</DynamicTemplateString>

<DynamicTemplateString>
	<StringID>com.fmi.basetable.field.Includes::18708A0F9686745F8B0763E0C3A3ED58</StringID>
	<SourceText>title</SourceText>
	<TargetText>title</TargetText>
	<Comment>com.fmi.basetable.field.Includes::title</Comment>
</DynamicTemplateString>

<DynamicTemplateString>
	<StringID>com.fmi.basetable.field.Includes::1F4BC13C5D877EA23F5FFE28FDA64377</StringID>
	<SourceText>URL</SourceText>
	<TargetText>URL</TargetText>
	<Comment>com.fmi.basetable.field.Includes::URL</Comment>
</DynamicTemplateString>

<DynamicTemplateString>
	<StringID>com.fmi.basetable.field.Includes::2B40EB5523ACCB08286969C659585FE5</StringID>
	<SourceText>flag</SourceText>
	<TargetText>flag</TargetText>
	<Comment>com.fmi.basetable.field.Includes::flag</Comment>
</DynamicTemplateString>

<DynamicTemplateString>
	<StringID>com.fmi.basetable.field.Includes::4561002D22704A42D003B57FA0E75A33</StringID>
	<SourceText>description</SourceText>
	<TargetText>description</TargetText>
	<Comment>com.fmi.basetable.field.Includes::description</Comment>
</DynamicTemplateString>

<DynamicTemplateString>
	<StringID>com.fmi.basetable.field.Includes::50BDC2774BF02B59C40633BD75DD0DA5</StringID>
	<SourceText>notes</SourceText>
	<TargetText>notes</TargetText>
	<Comment>com.fmi.basetable.field.Includes::notes</Comment>
</DynamicTemplateString>

<DynamicTemplateString>
	<StringID>com.fmi.basetable.field.Includes::53CE2DC8AF7274692BBAD95586A06EBC</StringID>
	<SourceText>code.min</SourceText>
	<TargetText>code.min</TargetText>
	<Comment>com.fmi.basetable.field.Includes::code.min</Comment>
</DynamicTemplateString>

<DynamicTemplateString>
	<StringID>com.fmi.basetable.field.Includes::569DE97288EE4C50B1A7FE624A2A3E28</StringID>
	<SourceText>_comments</SourceText>
	<TargetText>_comments</TargetText>
	<Comment>com.fmi.basetable.field.Includes::_comments</Comment>
</DynamicTemplateString>

<DynamicTemplateString>
	<StringID>com.fmi.basetable.field.Includes::57EDE9103706191F89BB2F40CD857AFD</StringID>
	<SourceText>_____</SourceText>
	<TargetText>_____</TargetText>
	<Comment>com.fmi.basetable.field.Includes::_____</Comment>
</DynamicTemplateString>

<DynamicTemplateString>
	<StringID>com.fmi.basetable.field.Includes::634F1FB69021B0A9DEC0541AD488DDF2</StringID>
	<SourceText>___</SourceText>
	<TargetText>___</TargetText>
	<Comment>com.fmi.basetable.field.Includes::___</Comment>
</DynamicTemplateString>

<DynamicTemplateString>
	<StringID>com.fmi.basetable.field.Includes::789F364FC0AF60F10035779C5585EC68</StringID>
	<SourceText>min</SourceText>
	<TargetText>min</TargetText>
	<Comment>com.fmi.basetable.field.Includes::min</Comment>
</DynamicTemplateString>

<DynamicTemplateString>
	<StringID>com.fmi.basetable.field.Includes::7AEB3D135AD2B77C439C54BDFAD9F506</StringID>
	<SourceText>@UUID</SourceText>
	<TargetText>@UUID</TargetText>
	<Comment>com.fmi.basetable.field.Includes::@UUID</Comment>
</DynamicTemplateString>

<DynamicTemplateString>
	<StringID>com.fmi.basetable.field.Includes::7C10E394670D75F975AB98158B16E07F</StringID>
	<SourceText>~audit.modifier</SourceText>
	<TargetText>~audit.modifier</TargetText>
	<Comment>com.fmi.basetable.field.Includes::~audit.modifier</Comment>
</DynamicTemplateString>

<DynamicTemplateString>
	<StringID>com.fmi.basetable.field.Includes::80EAFF44C1D8A13E1A26B78B2ACBA16B</StringID>
	<SourceText>code.src</SourceText>
	<TargetText>code.src</TargetText>
	<Comment>com.fmi.basetable.field.Includes::code.src</Comment>
</DynamicTemplateString>

<DynamicTemplateString>
	<StringID>com.fmi.basetable.field.Includes::81115DAD4A2128E358FC129D70095800</StringID>
	<SourceText>~audit.modified</SourceText>
	<TargetText>~audit.modified</TargetText>
	<Comment>com.fmi.basetable.field.Includes::~audit.modified</Comment>
</DynamicTemplateString>

<DynamicTemplateString>
	<StringID>com.fmi.basetable.field.Includes::8EBBAA788B63B1D82D0FF2E4820C999B</StringID>
	<SourceText>Version</SourceText>
	<TargetText>Version</TargetText>
	<Comment>com.fmi.basetable.field.Includes::Version</Comment>
</DynamicTemplateString>

<DynamicTemplateString>
	<StringID>com.fmi.basetable.field.Includes::91F127C4B704FC5AC212BA970EB65F39</StringID>
	<SourceText>source</SourceText>
	<TargetText>source</TargetText>
	<Comment>com.fmi.basetable.field.Includes::source</Comment>
</DynamicTemplateString>

<DynamicTemplateString>
	<StringID>com.fmi.basetable.field.Includes::B1D1D1C5E9B7258252FE79406CAF1128</StringID>
	<SourceText>~audit.removed</SourceText>
	<TargetText>~audit.removed</TargetText>
	<Comment>com.fmi.basetable.field.Includes::~audit.removed</Comment>
</DynamicTemplateString>

<DynamicTemplateString>
	<StringID>com.fmi.basetable.field.Includes::B96F801702AC2FD958D5110D3D86FA53</StringID>
	<SourceText>~audit.created</SourceText>
	<TargetText>~audit.created</TargetText>
	<Comment>com.fmi.basetable.field.Includes::~audit.created</Comment>
</DynamicTemplateString>

<DynamicTemplateString>
	<StringID>com.fmi.basetable.field.Includes::BA0D833F30E4426A71BE9CFF4866827B</StringID>
	<SourceText>@fkey.source</SourceText>
	<TargetText>@fkey.source</TargetText>
	<Comment>com.fmi.basetable.field.Includes::@fkey.source</Comment>
</DynamicTemplateString>

<DynamicTemplateString>
	<StringID>com.fmi.basetable.field.Includes::CE2DBF0DEB1E468027D85E3A3E6E075D</StringID>
	<SourceText>#total.flag</SourceText>
	<TargetText>#total.flag</TargetText>
	<Comment>com.fmi.basetable.field.Includes::#total.flag</Comment>
</DynamicTemplateString>

<DynamicTemplateString>
	<StringID>com.fmi.basetable.field.Includes::E36346178B0C91DBF5D7BE7EFAB232E0</StringID>
	<SourceText>~audit.creator</SourceText>
	<TargetText>~audit.creator</TargetText>
	<Comment>com.fmi.basetable.field.Includes::~audit.creator</Comment>
</DynamicTemplateString>

<DynamicTemplateString>
	<StringID>com.fmi.basetable.field.Includes::E6C349ADCE8682A2F1DAEF8869FAC77B</StringID>
	<SourceText>____</SourceText>
	<TargetText>____</TargetText>
	<Comment>com.fmi.basetable.field.Includes::____</Comment>
</DynamicTemplateString>

<DynamicTemplateString>
	<StringID>com.fmi.basetable.field.Includes::E8242F9CA220C53035AFF0819EEDB978</StringID>
	<SourceText>type</SourceText>
	<TargetText>type</TargetText>
	<Comment>com.fmi.basetable.field.Includes::type</Comment>
</DynamicTemplateString>

<DynamicTemplateString>
	<StringID>com.fmi.basetable.field.Includes::F2468989A740CF4657848C86648BC51E</StringID>
	<SourceText>label</SourceText>
	<TargetText>label</TargetText>
	<Comment>com.fmi.basetable.field.Includes::label</Comment>
</DynamicTemplateString>

<DynamicTemplateString>
	<StringID>com.fmi.basetable.field.Includes::text.630E6053E4258BA1A9B105A07CE5EBFE</StringID>
	<SourceText>Flagged = 1; Active = 0; Inactive = &quot;&quot;; Removed = &quot;&quot; ( hidden )</SourceText>
	<TargetText>Flagged = 1; Active = 0; Inactive = &quot;&quot;; Removed = &quot;&quot; ( hidden )</TargetText>
	<Comment>com.fmi.basetable.field.Includes::text.Flagged = 1; Active = 0; Inactive = &quot;&quot;; Removed = &quot;&quot; ( hidden )</Comment>
</DynamicTemplateString>

<DynamicTemplateString>
	<StringID>com.fmi.calculation.text.069B241DF892CCB86D918E1DF187E450</StringID>
	<SourceText>Search</SourceText>
	<TargetText>Search</TargetText>
	<Comment>com.fmi.calculation.text.Search</Comment>
</DynamicTemplateString>

<DynamicTemplateString>
	<StringID>com.fmi.calculation.text.0CC0907A5F638BEBB5D6F7321AE0AF4C</StringID>
	<SourceText> UPDATE THE FIELD TO COLOR CODE SEARCH RESULTS </SourceText>
	<TargetText> UPDATE THE FIELD TO COLOR CODE SEARCH RESULTS </TargetText>
	<Comment>com.fmi.calculation.text. UPDATE THE FIELD TO COLOR CODE SEARCH RESULTS</Comment>
</DynamicTemplateString>

<DynamicTemplateString>
	<StringID>com.fmi.calculation.text.0DF9C1A70F3C497E8D19997E2DB173FA</StringID>
	<SourceText>Icon_Color</SourceText>
	<TargetText>Icon_Color</TargetText>
	<Comment>com.fmi.calculation.text.Icon_Color</Comment>
</DynamicTemplateString>

<DynamicTemplateString>
	<StringID>com.fmi.calculation.text.130D04C6063B8750DA6027DB7BE40321</StringID>
	<SourceText>BOOLEAN RESULT</SourceText>
	<TargetText>BOOLEAN RESULT</TargetText>
	<Comment>com.fmi.calculation.text.BOOLEAN RESULT</Comment>
</DynamicTemplateString>

<DynamicTemplateString>
	<StringID>com.fmi.calculation.text.165ADEF95F31E2B8D17EF75162F6483B</StringID>
	<SourceText>info_en.json</SourceText>
	<TargetText>info_en.json</TargetText>
	<Comment>com.fmi.calculation.text.info_en.json</Comment>
</DynamicTemplateString>

<DynamicTemplateString>
	<StringID>com.fmi.calculation.text.1B759226EB6991D1214E639EA673D087</StringID>
	<SourceText>?</SourceText>
	<TargetText>?</TargetText>
	<Comment>com.fmi.calculation.text.?</Comment>
</DynamicTemplateString>

<DynamicTemplateString>
	<StringID>com.fmi.calculation.text.1F4BC13C5D877EA23F5FFE28FDA64377</StringID>
	<SourceText>URL</SourceText>
	<TargetText>URL</TargetText>
	<Comment>com.fmi.calculation.text.URL</Comment>
</DynamicTemplateString>

<DynamicTemplateString>
	<StringID>com.fmi.calculation.text.20946A61B5F64E4BEEF86911A6B5A793</StringID>
	<SourceText>info.json</SourceText>
	<TargetText>info.json</TargetText>
	<Comment>com.fmi.calculation.text.info.json</Comment>
</DynamicTemplateString>

<DynamicTemplateString>
	<StringID>com.fmi.calculation.text.22FB870EE7AB348C700B68C887AFCC25</StringID>
	<SourceText>{}</SourceText>
	<TargetText>{}</TargetText>
	<Comment>com.fmi.calculation.text.{}</Comment>
</DynamicTemplateString>

<DynamicTemplateString>
	<StringID>com.fmi.calculation.text.251F58A57B2EF1F9FBAA423E0054C53B</StringID>
	<SourceText> Selected</SourceText>
	<TargetText> Selected</TargetText>
	<Comment>com.fmi.calculation.text. Selected</Comment>
</DynamicTemplateString>

<DynamicTemplateString>
	<StringID>com.fmi.calculation.text.26E67B09CFEEA80182363C7130B7B3D1</StringID>
	<SourceText>~audit.log ( ~audit.modified ; False )</SourceText>
	<TargetText>~audit.log ( ~audit.modified ; False )</TargetText>
	<Comment>com.fmi.calculation.text.~audit.log ( ~audit.modified ; False )</Comment>
</DynamicTemplateString>

<DynamicTemplateString>
	<StringID>com.fmi.calculation.text.2EF64790A8CD7D69754055503D1B337F</StringID>
	<SourceText>content</SourceText>
	<TargetText>content</TargetText>
	<Comment>com.fmi.calculation.text.content</Comment>
</DynamicTemplateString>

<DynamicTemplateString>
	<StringID>com.fmi.calculation.text.2FEDFD66AB40EBA2EF47DFE670F4C26B</StringID>
	<SourceText>TRUE = FLAGGED(1); FALSE = ACTIVE(0); ELSE = INACTIVE(&quot;&quot;)</SourceText>
	<TargetText>TRUE = FLAGGED(1); FALSE = ACTIVE(0); ELSE = INACTIVE(&quot;&quot;)</TargetText>
	<Comment>com.fmi.calculation.text.TRUE = FLAGGED(1); FALSE = ACTIVE(0); ELSE = INACTIVE(&quot;&quot;)</Comment>
</DynamicTemplateString>

<DynamicTemplateString>
	<StringID>com.fmi.calculation.text.35E36C247B59932AB3B3ACC4790B7306</StringID>
	<SourceText> Case (<CR/><CR/>IsEmpty ( ~removed ); 0 /*BOOLEAN RESULT*/ )<CR/><CR/>/*TRUE = FLAGGED(1); FALSE = ACTIVE(0); ELSE = INACTIVE(&quot;&quot;)*/ </SourceText>
	<TargetText> Case (<CR/><CR/>IsEmpty ( ~removed ); 0 /*BOOLEAN RESULT*/ )<CR/><CR/>/*TRUE = FLAGGED(1); FALSE = ACTIVE(0); ELSE = INACTIVE(&quot;&quot;)*/ </TargetText>
	<Comment>com.fmi.calculation.text. Case (_CR/__CR/_IsEmpty ( ~removed ); 0 /*BOOLEAN RESULT*/ )_CR/__CR/_/*TRUE = FLAGGED(1); FALSE = ACTIVE(0); ELSE = INACTIVE(&quot;&quot;)*/</Comment>
</DynamicTemplateString>

<DynamicTemplateString>
	<StringID>com.fmi.calculation.text.376FA3C1567134ABCC0C3547DB33DA12</StringID>
	<SourceText> | </SourceText>
	<TargetText> | </TargetText>
	<Comment>com.fmi.calculation.text. |</Comment>
</DynamicTemplateString>

<DynamicTemplateString>
	<StringID>com.fmi.calculation.text.384110DE9549EC1848D8F5B1441744D8</StringID>
	<SourceText>[&apos;[&lt;^FMXML_AddonInstanceUUID&gt;]&apos;].search</SourceText>
	<TargetText>[&apos;[&lt;^FMXML_AddonInstanceUUID&gt;]&apos;].search</TargetText>
	<Comment>com.fmi.calculation.text.[&apos;[&lt;^FMXML_AddonInstanceUUID&gt;]&apos;].search</Comment>
</DynamicTemplateString>

<DynamicTemplateString>
	<StringID>com.fmi.calculation.text.39033F37C403A37576171B33063924A3</StringID>
	<SourceText>[&lt;^FMXML_AddonInstanceUUID&gt;]</SourceText>
	<TargetText>[&lt;^FMXML_AddonInstanceUUID&gt;]</TargetText>
	<Comment>com.fmi.calculation.text.[&lt;^FMXML_AddonInstanceUUID&gt;]</Comment>
</DynamicTemplateString>

<DynamicTemplateString>
	<StringID>com.fmi.calculation.text.4279965857964A692F13CE942906DB9B</StringID>
	<SourceText>Title</SourceText>
	<TargetText>Title</TargetText>
	<Comment>com.fmi.calculation.text.Title</Comment>
</DynamicTemplateString>

<DynamicTemplateString>
	<StringID>com.fmi.calculation.text.42E348B5E2B3B2CC7DDE641BDECC6B62</StringID>
	<SourceText>Settings: Tables</SourceText>
	<TargetText>Settings: Tables</TargetText>
	<Comment>com.fmi.calculation.text.Settings: Tables</Comment>
</DynamicTemplateString>

<DynamicTemplateString>
	<StringID>com.fmi.calculation.text.47B3892A4CDBE023CDEFCF3E30186BB9</StringID>
	<SourceText>Attribution</SourceText>
	<TargetText>Attribution</TargetText>
	<Comment>com.fmi.calculation.text.Attribution</Comment>
</DynamicTemplateString>

<DynamicTemplateString>
	<StringID>com.fmi.calculation.text.5C8B5D0FBEDEB6971644C4E54BEBF99D</StringID>
	<SourceText>[&apos;</SourceText>
	<TargetText>[&apos;</TargetText>
	<Comment>com.fmi.calculation.text.[&apos;</Comment>
</DynamicTemplateString>

<DynamicTemplateString>
	<StringID>com.fmi.calculation.text.61662CE527E83E93AF676C82F22DD8CD</StringID>
	<SourceText>If front window is user data, go to previous window in list and use that as the Filename<CR/></SourceText>
	<TargetText>If front window is user data, go to previous window in list and use that as the Filename<CR/></TargetText>
	<Comment>com.fmi.calculation.text.If front window is user data, go to previous window in list and use that as the Filename_CR/_</Comment>
</DynamicTemplateString>

<DynamicTemplateString>
	<StringID>com.fmi.calculation.text.63007091CA9E82A19E566F1D1B0E96E5</StringID>
	<SourceText>[&apos;[&lt;^FMXML_AddonInstanceUUID&gt;]&apos;].selection</SourceText>
	<TargetText>[&apos;[&lt;^FMXML_AddonInstanceUUID&gt;]&apos;].selection</TargetText>
	<Comment>com.fmi.calculation.text.[&apos;[&lt;^FMXML_AddonInstanceUUID&gt;]&apos;].selection</Comment>
</DynamicTemplateString>

<DynamicTemplateString>
	<StringID>com.fmi.calculation.text.6461400327B00416E29B393808531CCE</StringID>
	<SourceText>Clear¶All</SourceText>
	<TargetText>Clear¶All</TargetText>
	<Comment>com.fmi.calculation.text.Clear¶All</Comment>
</DynamicTemplateString>

<DynamicTemplateString>
	<StringID>com.fmi.calculation.text.657FBEB88A82D9F2012FD0610569B3E9</StringID>
	<SourceText>Use a cartesian join to the data source.</SourceText>
	<TargetText>Use a cartesian join to the data source.</TargetText>
	<Comment>com.fmi.calculation.text.Use a cartesian join to the data source.</Comment>
</DynamicTemplateString>

<DynamicTemplateString>
	<StringID>com.fmi.calculation.text.77800177FBA4E12122FFA4507BE0B451</StringID>
	<SourceText>&apos;].search</SourceText>
	<TargetText>&apos;].search</TargetText>
	<Comment>com.fmi.calculation.text.&apos;].search</Comment>
</DynamicTemplateString>

<DynamicTemplateString>
	<StringID>com.fmi.calculation.text.7C20CE4F6999D4EC2CF1E7479F160214</StringID>
	<SourceText>ic.portal.[&lt;^FMXML_AddonInstanceUUID&gt;].key</SourceText>
	<TargetText>ic.portal.[&lt;^FMXML_AddonInstanceUUID&gt;].key</TargetText>
	<Comment>com.fmi.calculation.text.ic.portal.[&lt;^FMXML_AddonInstanceUUID&gt;].key</Comment>
</DynamicTemplateString>

<DynamicTemplateString>
	<StringID>com.fmi.calculation.text.7FF36C7AEAB13BF7E461C6FE5B367CD2</StringID>
	<SourceText>Category</SourceText>
	<TargetText>Category</TargetText>
	<Comment>com.fmi.calculation.text.Category</Comment>
</DynamicTemplateString>

<DynamicTemplateString>
	<StringID>com.fmi.calculation.text.8921791C958255C96DC2BDEB6BB08972</StringID>
	<SourceText>&apos;].selection</SourceText>
	<TargetText>&apos;].selection</TargetText>
	<Comment>com.fmi.calculation.text.&apos;].selection</Comment>
</DynamicTemplateString>

<DynamicTemplateString>
	<StringID>com.fmi.calculation.text.8BE22FF833566C73B309277A17C9A2E2</StringID>
	<SourceText>Work Order</SourceText>
	<TargetText>Work Order</TargetText>
	<Comment>com.fmi.calculation.text.Work Order</Comment>
</DynamicTemplateString>

<DynamicTemplateString>
	<StringID>com.fmi.calculation.text.8E64B82E5BE46C2E508E7560C7C79FAA</StringID>
	<SourceText> SHOULD THE PORTAL SHOW ALL VALUES OR NO VALUES BEFORE SEARCHING </SourceText>
	<TargetText> SHOULD THE PORTAL SHOW ALL VALUES OR NO VALUES BEFORE SEARCHING </TargetText>
	<Comment>com.fmi.calculation.text. SHOULD THE PORTAL SHOW ALL VALUES OR NO VALUES BEFORE SEARCHING</Comment>
</DynamicTemplateString>

<DynamicTemplateString>
	<StringID>com.fmi.calculation.text.8EBBAA788B63B1D82D0FF2E4820C999B</StringID>
	<SourceText>Version</SourceText>
	<TargetText>Version</TargetText>
	<Comment>com.fmi.calculation.text.Version</Comment>
</DynamicTemplateString>

<DynamicTemplateString>
	<StringID>com.fmi.calculation.text.909C4D4ADF78B1EE559314F8358A3E88</StringID>
	<SourceText>script.js</SourceText>
	<TargetText>script.js</TargetText>
	<Comment>com.fmi.calculation.text.script.js</Comment>
</DynamicTemplateString>

<DynamicTemplateString>
	<StringID>com.fmi.calculation.text.913ED2BD441FD4601D74E8B88ECE9C17</StringID>
	<SourceText>Features</SourceText>
	<TargetText>Features</TargetText>
	<Comment>com.fmi.calculation.text.Features</Comment>
</DynamicTemplateString>

<DynamicTemplateString>
	<StringID>com.fmi.calculation.text.91F127C4B704FC5AC212BA970EB65F39</StringID>
	<SourceText>source</SourceText>
	<TargetText>source</TargetText>
	<Comment>com.fmi.calculation.text.source</Comment>
</DynamicTemplateString>

<DynamicTemplateString>
	<StringID>com.fmi.calculation.text.92F11324AC8E139E39253D0C23031C42</StringID>
	<SourceText>refresh.portal</SourceText>
	<TargetText>refresh.portal</TargetText>
	<Comment>com.fmi.calculation.text.refresh.portal</Comment>
</DynamicTemplateString>

<DynamicTemplateString>
	<StringID>com.fmi.calculation.text.930439A11FDFF4C74A5FD38380F08DA3</StringID>
	<SourceText>District</SourceText>
	<TargetText>District</TargetText>
	<Comment>com.fmi.calculation.text.District</Comment>
</DynamicTemplateString>

<DynamicTemplateString>
	<StringID>com.fmi.calculation.text.991F0891CB79027DE885D70E99DA19E1</StringID>
	<SourceText> SET THE COLOR TO HIGHLIGHT SEARCH RESULTS </SourceText>
	<TargetText> SET THE COLOR TO HIGHLIGHT SEARCH RESULTS </TargetText>
	<Comment>com.fmi.calculation.text. SET THE COLOR TO HIGHLIGHT SEARCH RESULTS</Comment>
</DynamicTemplateString>

<DynamicTemplateString>
	<StringID>com.fmi.calculation.text.9984B3DF675F861ADADC55A146216390</StringID>
	<SourceText>AddOn</SourceText>
	<TargetText>AddOn</TargetText>
	<Comment>com.fmi.calculation.text.AddOn</Comment>
</DynamicTemplateString>

<DynamicTemplateString>
	<StringID>com.fmi.calculation.text.A9A882B9B9F6E152FDFF07EB158B0A50</StringID>
	<SourceText>#Selected of #Total | #Found<CR/></SourceText>
	<TargetText>#Selected of #Total | #Found<CR/></TargetText>
	<Comment>com.fmi.calculation.text.#Selected of #Total | #Found_CR/_</Comment>
</DynamicTemplateString>

<DynamicTemplateString>
	<StringID>com.fmi.calculation.text.AD39F985AD1991CA1ACA5859F4F5227F</StringID>
	<SourceText> Get ( WindowName ) //Works when creating records directly from the ERD<CR/></SourceText>
	<TargetText> Get ( WindowName ) //Works when creating records directly from the ERD<CR/></TargetText>
	<Comment>com.fmi.calculation.text. Get ( WindowName ) //Works when creating records directly from the ERD_CR/_</Comment>
</DynamicTemplateString>

<DynamicTemplateString>
	<StringID>com.fmi.calculation.text.B6166AFF714E4CC5581CC2F6DC8B77C9</StringID>
	<SourceText>&lt;UNRELATED TABLE&gt;</SourceText>
	<TargetText>&lt;UNRELATED TABLE&gt;</TargetText>
	<Comment>com.fmi.calculation.text.&lt;UNRELATED TABLE&gt;</Comment>
</DynamicTemplateString>

<DynamicTemplateString>
	<StringID>com.fmi.calculation.text.B6AB96C6232A204248E58D2A26231D7D</StringID>
	<SourceText> Found</SourceText>
	<TargetText> Found</TargetText>
	<Comment>com.fmi.calculation.text. Found</Comment>
</DynamicTemplateString>

<DynamicTemplateString>
	<StringID>com.fmi.calculation.text.B7B07D46938223FB8C38998EB7C59EB0</StringID>
	<SourceText> DO NOT MODIFY BELOW </SourceText>
	<TargetText> DO NOT MODIFY BELOW </TargetText>
	<Comment>com.fmi.calculation.text. DO NOT MODIFY BELOW</Comment>
</DynamicTemplateString>

<DynamicTemplateString>
	<StringID>com.fmi.calculation.text.BDF59D9FDC377E417674FB0ECCF39C93</StringID>
	<SourceText>Optimized</SourceText>
	<TargetText>Optimized</TargetText>
	<Comment>com.fmi.calculation.text.Optimized</Comment>
</DynamicTemplateString>

<DynamicTemplateString>
	<StringID>com.fmi.calculation.text.BF824287D7F7A412AA5AA156509D8B2C</StringID>
	<SourceText>Select¶All</SourceText>
	<TargetText>Select¶All</TargetText>
	<Comment>com.fmi.calculation.text.Select¶All</Comment>
</DynamicTemplateString>

<DynamicTemplateString>
	<StringID>com.fmi.calculation.text.C938D132125AEC6DD187D1B15201A3A6</StringID>
	<SourceText> DO NOT MODIFY BELOW <CR/><TAB/>Required for selection function </SourceText>
	<TargetText> DO NOT MODIFY BELOW <CR/><TAB/>Required for selection function </TargetText>
	<Comment>com.fmi.calculation.text. DO NOT MODIFY BELOW _CR/__TAB/_Required for selection function</Comment>
</DynamicTemplateString>

<DynamicTemplateString>
	<StringID>com.fmi.calculation.text.CC216F19D82301D507186C2A41680CD2</StringID>
	<SourceText>UTF-8</SourceText>
	<TargetText>UTF-8</TargetText>
	<Comment>com.fmi.calculation.text.UTF-8</Comment>
</DynamicTemplateString>

<DynamicTemplateString>
	<StringID>com.fmi.calculation.text.CC91675AFEDED0FC92A2CE5AC40E2997</StringID>
	<SourceText>webViewer.[&lt;^FMXML_AddonInstanceUUID&gt;]</SourceText>
	<TargetText>webViewer.[&lt;^FMXML_AddonInstanceUUID&gt;]</TargetText>
	<Comment>com.fmi.calculation.text.webViewer.[&lt;^FMXML_AddonInstanceUUID&gt;]</Comment>
</DynamicTemplateString>

<DynamicTemplateString>
	<StringID>com.fmi.calculation.text.CDBDD7DD58042364082C5C907425C08F</StringID>
	<SourceText> LIST THE PORTAL TABLE FIELDS TO BE SEARCHED </SourceText>
	<TargetText> LIST THE PORTAL TABLE FIELDS TO BE SEARCHED </TargetText>
	<Comment>com.fmi.calculation.text. LIST THE PORTAL TABLE FIELDS TO BE SEARCHED</Comment>
</DynamicTemplateString>

<DynamicTemplateString>
	<StringID>com.fmi.calculation.text.CF0E8D46CDDD3C60DC3C9117497CF537</StringID>
	<SourceText> of </SourceText>
	<TargetText> of </TargetText>
	<Comment>com.fmi.calculation.text. of</Comment>
</DynamicTemplateString>

<DynamicTemplateString>
	<StringID>com.fmi.calculation.text.DD03AB644F8122C0E2FC713FFB67CB31</StringID>
	<SourceText>GUID</SourceText>
	<TargetText>GUID</TargetText>
	<Comment>com.fmi.calculation.text.GUID</Comment>
</DynamicTemplateString>

<DynamicTemplateString>
	<StringID>com.fmi.calculation.text.DE7D9BCD8C083D0684382D07B7ABF403</StringID>
	<SourceText>Description</SourceText>
	<TargetText>Description</TargetText>
	<Comment>com.fmi.calculation.text.Description</Comment>
</DynamicTemplateString>

<DynamicTemplateString>
	<StringID>com.fmi.calculation.text.E3AC78EB07AC7DCE837FC120B4F00948</StringID>
	<SourceText>index.html</SourceText>
	<TargetText>index.html</TargetText>
	<Comment>com.fmi.calculation.text.index.html</Comment>
</DynamicTemplateString>

<DynamicTemplateString>
	<StringID>com.fmi.calculation.text.E421D05B05924BE46228E4C75C1A4C3A</StringID>
	<SourceText>refresh.selection</SourceText>
	<TargetText>refresh.selection</TargetText>
	<Comment>com.fmi.calculation.text.refresh.selection</Comment>
</DynamicTemplateString>

<DynamicTemplateString>
	<StringID>com.fmi.calculation.text.EECE2E542B0CDCE586A27B7931BA8BF0</StringID>
	<SourceText>¶</SourceText>
	<TargetText>¶</TargetText>
	<Comment>com.fmi.calculation.text.¶</Comment>
</DynamicTemplateString>

<DynamicTemplateString>
	<StringID>com.fmi.calculation.text.EF304FC05B3BD355EF876B9A6DB56D6A</StringID>
	<SourceText>style.css</SourceText>
	<TargetText>style.css</TargetText>
	<Comment>com.fmi.calculation.text.style.css</Comment>
</DynamicTemplateString>

<DynamicTemplateString>
	<StringID>com.fmi.calculation.text.F0C09A72D7EC16141DE8644E61B7E2FB</StringID>
	<SourceText>Details</SourceText>
	<TargetText>Details</TargetText>
	<Comment>com.fmi.calculation.text.Details</Comment>
</DynamicTemplateString>

<DynamicTemplateString>
	<StringID>com.fmi.calculation.text.F146B25C5A2A2F61C374591A2A0C38A6</StringID>
	<SourceText>ic.portal.[&lt;^FMXML_AddonInstanceUUID&gt;]</SourceText>
	<TargetText>ic.portal.[&lt;^FMXML_AddonInstanceUUID&gt;]</TargetText>
	<Comment>com.fmi.calculation.text.ic.portal.[&lt;^FMXML_AddonInstanceUUID&gt;]</Comment>
</DynamicTemplateString>

<DynamicTemplateString>
	<StringID>com.fmi.calculation.text.FCDAD5772EB853173D6F72378F30E4B7</StringID>
	<SourceText>ic.portal.[&lt;^FMXML_AddonInstanceUUID&gt;].id</SourceText>
	<TargetText>ic.portal.[&lt;^FMXML_AddonInstanceUUID&gt;].id</TargetText>
	<Comment>com.fmi.calculation.text.ic.portal.[&lt;^FMXML_AddonInstanceUUID&gt;].id</Comment>
</DynamicTemplateString>

<DynamicTemplateString>
	<StringID>com.fmi.calculation.text.FDF5E16501AB5DA15FDD5BD041383DCD</StringID>
	<SourceText>Clients</SourceText>
	<TargetText>Clients</TargetText>
	<Comment>com.fmi.calculation.text.Clients</Comment>
</DynamicTemplateString>

<DynamicTemplateString>
	<StringID>com.fmi.calculation.text.FF6D195D7CF6E6D5F3A1D52E4C65B77F</StringID>
	<SourceText>enclosingObject</SourceText>
	<TargetText>enclosingObject</TargetText>
	<Comment>com.fmi.calculation.text.enclosingObject</Comment>
</DynamicTemplateString>

<DynamicTemplateString>
	<StringID>com.fmi.externaldatasource.6F5F6B74B89316214FE9C9F5B561113C</StringID>
	<SourceText>Enterprise_Clone</SourceText>
	<TargetText>Enterprise_Clone</TargetText>
	<Comment>com.fmi.externaldatasource.Enterprise_Clone</Comment>
</DynamicTemplateString>

<DynamicTemplateString>
	<StringID>com.fmi.layoutobject.2686C14FC8DDFA229D10F8639AB4DEEC</StringID>
	<SourceText>details.[&lt;^FMXML_AddonInstanceUUID&gt;]</SourceText>
	<TargetText>details.[&lt;^FMXML_AddonInstanceUUID&gt;]</TargetText>
	<Comment>com.fmi.layoutobject.details.[&lt;^FMXML_AddonInstanceUUID&gt;]</Comment>
</DynamicTemplateString>

<DynamicTemplateString>
	<StringID>com.fmi.layoutobject.33E68EBB2478D3D4153052BCCC26D2E3</StringID>
	<SourceText>ic.portal.[&lt;^FMXML_AddonInstanceUUID&gt;].fields</SourceText>
	<TargetText>ic.portal.[&lt;^FMXML_AddonInstanceUUID&gt;].fields</TargetText>
	<Comment>com.fmi.layoutobject.ic.portal.[&lt;^FMXML_AddonInstanceUUID&gt;].fields</Comment>
</DynamicTemplateString>

<DynamicTemplateString>
	<StringID>com.fmi.layoutobject.7C20CE4F6999D4EC2CF1E7479F160214</StringID>
	<SourceText>ic.portal.[&lt;^FMXML_AddonInstanceUUID&gt;].key</SourceText>
	<TargetText>ic.portal.[&lt;^FMXML_AddonInstanceUUID&gt;].key</TargetText>
	<Comment>com.fmi.layoutobject.ic.portal.[&lt;^FMXML_AddonInstanceUUID&gt;].key</Comment>
</DynamicTemplateString>

<DynamicTemplateString>
	<StringID>com.fmi.layoutobject.D09053D99745E37429309711FE3491DE</StringID>
	<SourceText>ic.portal.[&lt;^FMXML_AddonInstanceUUID&gt;].portal</SourceText>
	<TargetText>ic.portal.[&lt;^FMXML_AddonInstanceUUID&gt;].portal</TargetText>
	<Comment>com.fmi.layoutobject.ic.portal.[&lt;^FMXML_AddonInstanceUUID&gt;].portal</Comment>
</DynamicTemplateString>

<DynamicTemplateString>
	<StringID>com.fmi.layoutobject.ECD1E2062CD0A9C2F8A90E407349C607</StringID>
	<SourceText>ic.portal.[&lt;^FMXML_AddonInstanceUUID&gt;].settings</SourceText>
	<TargetText>ic.portal.[&lt;^FMXML_AddonInstanceUUID&gt;].settings</TargetText>
	<Comment>com.fmi.layoutobject.ic.portal.[&lt;^FMXML_AddonInstanceUUID&gt;].settings</Comment>
</DynamicTemplateString>

<DynamicTemplateString>
	<StringID>com.fmi.layoutobject.F146B25C5A2A2F61C374591A2A0C38A6</StringID>
	<SourceText>ic.portal.[&lt;^FMXML_AddonInstanceUUID&gt;]</SourceText>
	<TargetText>ic.portal.[&lt;^FMXML_AddonInstanceUUID&gt;]</TargetText>
	<Comment>com.fmi.layoutobject.ic.portal.[&lt;^FMXML_AddonInstanceUUID&gt;]</Comment>
</DynamicTemplateString>

<DynamicTemplateString>
	<StringID>com.fmi.layoutobject.FCDAD5772EB853173D6F72378F30E4B7</StringID>
	<SourceText>ic.portal.[&lt;^FMXML_AddonInstanceUUID&gt;].id</SourceText>
	<TargetText>ic.portal.[&lt;^FMXML_AddonInstanceUUID&gt;].id</TargetText>
	<Comment>com.fmi.layoutobject.ic.portal.[&lt;^FMXML_AddonInstanceUUID&gt;].id</Comment>
</DynamicTemplateString>

<DynamicTemplateString>
	<StringID>com.fmi.layoutobject.text.13E76D8FA650CB02C0323715A5885649</StringID>
	<SourceText>Cancel</SourceText>
	<TargetText>Cancel</TargetText>
	<Comment>com.fmi.layoutobject.text.Cancel</Comment>
</DynamicTemplateString>

<DynamicTemplateString>
	<StringID>com.fmi.layoutobject.text.6F0DDD22C00DF00DF78CCE543A6C1AB4</StringID>
	<SourceText>Package Includes:<CR/>Tables: Globals, Sample_Data<CR/>Layouts: N/A<CR/>Scripts: <CR/><TAB/>ic.Portals; This script refreshes the search results and selection objects.</SourceText>
	<TargetText>Package Includes:<CR/>Tables: Globals, Sample_Data<CR/>Layouts: N/A<CR/>Scripts: <CR/><TAB/>ic.Portals; This script refreshes the search results and selection objects.</TargetText>
	<Comment>com.fmi.layoutobject.text.Package Includes:_CR/_Tables: Globals, Sample_Data_CR/_Layouts: N/A_CR/_Scripts: _CR/__TAB/_ic.Portals; This script refreshes the search results and selection objects.</Comment>
</DynamicTemplateString>

<DynamicTemplateString>
	<StringID>com.fmi.layoutobject.text.AC227696E79F5D8B5715E4F8F4ED1301</StringID>
	<SourceText>1. A known issue creates duplicate buttons in the portal. Remove any buttons that are created in the portal from the installation process. Leave the two button bars for &quot;fields&quot; and &quot;buttons&quot;.<CR/><CR/>2. In the Manage Database Relationship graph, update the DATA_SAMPLE table to the table to be searched. Update the relationship to a cross-join relationship.<CR/><CR/>3. Set the object below to the key field of the search table.<CR/><CR/><CR/>4. Open the Button Bar Setup in the portal. For the first button, update the display calculation to the portal table field to highlight the search results. Optionally, select a RGB color to use. This calculation can be duplicated in additional button bars to highlight results in multiple fields.<CR/><CR/>5. Set the Search Field to a global field. Now the DATA_SAMPLE table can be removed.</SourceText>
	<TargetText>1. A known issue creates duplicate buttons in the portal. Remove any buttons that are created in the portal from the installation process. Leave the two button bars for &quot;fields&quot; and &quot;buttons&quot;.<CR/><CR/>2. In the Manage Database Relationship graph, update the DATA_SAMPLE table to the table to be searched. Update the relationship to a cross-join relationship.<CR/><CR/>3. Set the object below to the key field of the search table.<CR/><CR/><CR/>4. Open the Button Bar Setup in the portal. For the first button, update the display calculation to the portal table field to highlight the search results. Optionally, select a RGB color to use. This calculation can be duplicated in additional button bars to highlight results in multiple fields.<CR/><CR/>5. Set the Search Field to a global field. Now the DATA_SAMPLE table can be removed.</TargetText>
	<Comment>com.fmi.layoutobject.text.1. A known issue creates duplicate buttons in the portal. Remove any buttons that are created in the portal from the installation process. Leave the two button bars for &quot;fields&quot; and &quot;buttons&quot;._CR/__CR/_2. In the Manage Database Relationship graph, update the DATA_SAMPLE table to the table to be searched. Update the relationship to a cross-join relationship._CR/__CR/_3. Set the object below to the key field of the search table._CR/__CR/__CR/_4. Open the Button Bar Setup in the portal. For the first button, update the display calculation to the portal table field to highlight the search results. Optionally, select a RGB color to use. This calculation can be duplicated in additional button bars to highlight results in multiple fields._CR/__CR/_5. Set the Search Field to a global field. Now the DATA_SAMPLE table can be removed.</Comment>
</DynamicTemplateString>

<DynamicTemplateString>
	<StringID>com.fmi.layoutobject.text.B55C508BE6C737FE75189364B1B75FDD</StringID>
	<SourceText>Portals</SourceText>
	<TargetText>Portals</TargetText>
	<Comment>com.fmi.layoutobject.text.Portals</Comment>
</DynamicTemplateString>

<DynamicTemplateString>
	<StringID>com.fmi.layoutobject.text.DCEB11E27EF324313448656EBE9755B4</StringID>
	<SourceText>Primary Key</SourceText>
	<TargetText>Primary Key</TargetText>
	<Comment>com.fmi.layoutobject.text.Primary Key</Comment>
</DynamicTemplateString>

<DynamicTemplateString>
	<StringID>com.fmi.layoutobject.text.F3B1E21A5CEEEB83E06655248557E18F</StringID>
	<SourceText>Submit</SourceText>
	<TargetText>Submit</TargetText>
	<Comment>com.fmi.layoutobject.text.Submit</Comment>
</DynamicTemplateString>

<DynamicTemplateString>
	<StringID>com.fmi.script.8A685A4B4C6D9B5C5732B2E5F60D3875</StringID>
	<SourceText>ic.portal.search</SourceText>
	<TargetText>ic.portal.search</TargetText>
	<Comment>com.fmi.script.ic.portal.search</Comment>
</DynamicTemplateString>

<DynamicTemplateString>
	<StringID>com.fmi.script.folder.5CB7AB6490003F78F480A3AEED9E538B</StringID>
	<SourceText>iCore Portal</SourceText>
	<TargetText>iCore Portal</TargetText>
	<Comment>com.fmi.script.folder.iCore Portal</Comment>
</DynamicTemplateString>

<DynamicTemplateString>
	<StringID>com.fmi.scriptstep.text.4D859F3F31BAAFC71E7365EB4033F197</StringID>
	<SourceText>HEADER</SourceText>
	<TargetText>HEADER</TargetText>
	<Comment>com.fmi.scriptstep.text.HEADER</Comment>
</DynamicTemplateString>

<DynamicTemplateString>
	<StringID>com.fmi.tableoccurrence.8CBC6F555D66F01854614031075544D1</StringID>
	<SourceText>DATA_SAMPLE</SourceText>
	<TargetText>DATA_SAMPLE</TargetText>
	<Comment>com.fmi.tableoccurrence.DATA_SAMPLE</Comment>
</DynamicTemplateString>

<DynamicTemplateString>
	<StringID>com.fmi.tableoccurrence.field.DATA_SAMPLE::17C1DAE1C9A83B37055ACD701A54E083</StringID>
	<SourceText>Primary.Key</SourceText>
	<TargetText>Primary.Key</TargetText>
	<Comment>com.fmi.tableoccurrence.field.DATA_SAMPLE::Primary.Key</Comment>
</DynamicTemplateString>

<DynamicTemplateString>
	<StringID>com.fmi.tableoccurrence.field.DATA_SAMPLE::3079D05876B8076BAD6552ED9C5371CB</StringID>
	<SourceText>_Search</SourceText>
	<TargetText>_Search</TargetText>
	<Comment>com.fmi.tableoccurrence.field.DATA_SAMPLE::_Search</Comment>
</DynamicTemplateString>

<DynamicTemplateString>
	<StringID>com.fmi.tableoccurrence.field.DATA_SAMPLE::BCD2CF0FBD96666A62149AC135C17172</StringID>
	<SourceText>DATA_SAMPLE::District</SourceText>
	<TargetText>DATA_SAMPLE::District</TargetText>
	<Comment>com.fmi.tableoccurrence.field.DATA_SAMPLE::DATA_SAMPLE::District</Comment>
</DynamicTemplateString>

<DynamicTemplateString>
	<StringID>com.fmi.tableoccurrence.field.DATA_SAMPLE::ECC15060D1271B1B9D9ABCDE3C3906C7</StringID>
	<SourceText>DATA_SAMPLE::WO</SourceText>
	<TargetText>DATA_SAMPLE::WO</TargetText>
	<Comment>com.fmi.tableoccurrence.field.DATA_SAMPLE::DATA_SAMPLE::WO</Comment>
</DynamicTemplateString>

<DynamicTemplateString>
	<StringID>com.fmi.tableoccurrence.text.AF04C24AB82DF25559BE58B9C7767590</StringID>
	<SourceText>Update to search table<CR/>Update relationship to cross join</SourceText>
	<TargetText>Update to search table<CR/>Update relationship to cross join</TargetText>
	<Comment>com.fmi.tableoccurrence.text.Update to search table_CR/_Update relationship to cross join</Comment>
</DynamicTemplateString>
